# Series: Immigration court bond hearings per month, outcome (granted / not granted / withdrawn) and median bond amount granted
# Source: TRAC Immigration Court Bond Hearings tool (case-by-case EOIR records obtained by TRAC under FOIA)
# URL: https://tracreports.org/phptools/immigration/bond/ ; JSON endpoints read: table_json.php?stat=bond_count&option=option01&dimension=fymon_bond (total), same with bond_outcome=3 (Granted) and bond_outcome=1 (Not Granted), and stat=med_bond&dimension=fymon_bond
# Retrieved: 2026-10-07 (tool metadata says data through August 2026)
# Definition: value = number of bond hearings TRAC records in the month. TRAC outcome codes: Granted, Not Granted, Withdraw. withdrawn = value - granted - not_granted. grant_rate = granted / value (the ratio TRAC uses on its Quick Facts page: 'Immigration judges have held 66,620 bond hearings so far in FY 2026 (through August 2026). Of these 20,258 were granted bond.'). median_bond_granted_usd = TRAC 'Median Bond Granted'.
# Verification: monthly values for 2025-10 through 2026-08 sum to 66,620 hearings and 20,258 grants, matching the Quick Facts page exactly.
# Coverage: 2000-10 through 2026-08.
# Caveats: TRAC's 'Not Granted' bundles merits denials with denials for lack of jurisdiction, so it cannot by itself show the Yajure Hurtado mechanism; see eoir_bond_decisions_monthly_ddp_derived.csv for that split. Counts are bond hearings, not people. TRAC updates its EOIR data monthly, so recent months may be revised.
date_or_period,value,unit,granted,not_granted,withdrawn,grant_rate,grant_rate_excl_withdrawn,median_bond_granted_usd
2000-10,2233,bond hearings (IJ bond redetermination decisions),1158,1075,0,0.5186,0.5186,3500
2000-11,2177,bond hearings (IJ bond redetermination decisions),1157,1020,0,0.5315,0.5315,3500
2000-12,1835,bond hearings (IJ bond redetermination decisions),945,890,0,0.515,0.515,3500
2001-01,2408,bond hearings (IJ bond redetermination decisions),1212,1196,0,0.5033,0.5033,3500
2001-02,2254,bond hearings (IJ bond redetermination decisions),1177,1077,0,0.5222,0.5222,3000
2001-03,2782,bond hearings (IJ bond redetermination decisions),1398,1384,0,0.5025,0.5025,3000
2001-04,2577,bond hearings (IJ bond redetermination decisions),1274,1303,0,0.4944,0.4944,3000
2001-05,2512,bond hearings (IJ bond redetermination decisions),1228,1284,0,0.4889,0.4889,3500
2001-06,1904,bond hearings (IJ bond redetermination decisions),929,975,0,0.4879,0.4879,3500
2001-07,2354,bond hearings (IJ bond redetermination decisions),1139,1215,0,0.4839,0.4839,4000
2001-08,2289,bond hearings (IJ bond redetermination decisions),1233,1056,0,0.5387,0.5387,3500
2001-09,2089,bond hearings (IJ bond redetermination decisions),998,1091,0,0.4777,0.4777,4000
2001-10,2638,bond hearings (IJ bond redetermination decisions),1306,1332,0,0.4951,0.4951,4000
2001-11,2393,bond hearings (IJ bond redetermination decisions),1279,1114,0,0.5345,0.5345,4000
2001-12,1782,bond hearings (IJ bond redetermination decisions),947,835,0,0.5314,0.5314,4000
2002-01,2481,bond hearings (IJ bond redetermination decisions),1468,1013,0,0.5917,0.5917,5000
2002-02,2401,bond hearings (IJ bond redetermination decisions),1220,1181,0,0.5081,0.5081,4500
2002-03,2551,bond hearings (IJ bond redetermination decisions),1306,1245,0,0.512,0.512,4000
2002-04,2675,bond hearings (IJ bond redetermination decisions),1395,1280,0,0.5215,0.5215,5000
2002-05,2720,bond hearings (IJ bond redetermination decisions),1370,1349,1,0.5037,0.5039,5000
2002-06,2050,bond hearings (IJ bond redetermination decisions),993,1057,0,0.4844,0.4844,5000
2002-07,3033,bond hearings (IJ bond redetermination decisions),1411,1622,0,0.4652,0.4652,5000
2002-08,2788,bond hearings (IJ bond redetermination decisions),1223,1565,0,0.4387,0.4387,5000
2002-09,2618,bond hearings (IJ bond redetermination decisions),1191,1427,0,0.4549,0.4549,5000
2002-10,2958,bond hearings (IJ bond redetermination decisions),1297,1661,0,0.4385,0.4385,5000
2002-11,2403,bond hearings (IJ bond redetermination decisions),1101,1302,0,0.4582,0.4582,5000
2002-12,2358,bond hearings (IJ bond redetermination decisions),1041,1317,0,0.4415,0.4415,5000
2003-01,2512,bond hearings (IJ bond redetermination decisions),1030,1482,0,0.41,0.41,5000
2003-02,2505,bond hearings (IJ bond redetermination decisions),1077,1428,0,0.4299,0.4299,5000
2003-03,2764,bond hearings (IJ bond redetermination decisions),1205,1559,0,0.436,0.436,5000
2003-04,2815,bond hearings (IJ bond redetermination decisions),1256,1559,0,0.4462,0.4462,5000
2003-05,2522,bond hearings (IJ bond redetermination decisions),1064,1458,0,0.4219,0.4219,4500
2003-06,2218,bond hearings (IJ bond redetermination decisions),874,1344,0,0.394,0.394,5000
2003-07,2484,bond hearings (IJ bond redetermination decisions),1032,1452,0,0.4155,0.4155,5000
2003-08,2374,bond hearings (IJ bond redetermination decisions),936,1438,0,0.3943,0.3943,5000
2003-09,2329,bond hearings (IJ bond redetermination decisions),924,1405,0,0.3967,0.3967,5000
2003-10,2686,bond hearings (IJ bond redetermination decisions),1067,1618,1,0.3972,0.3974,5000
2003-11,2125,bond hearings (IJ bond redetermination decisions),794,1331,0,0.3736,0.3736,5000
2003-12,2341,bond hearings (IJ bond redetermination decisions),846,1495,0,0.3614,0.3614,5000
2004-01,2304,bond hearings (IJ bond redetermination decisions),847,1457,0,0.3676,0.3676,5000
2004-02,2463,bond hearings (IJ bond redetermination decisions),900,1563,0,0.3654,0.3654,5000
2004-03,2752,bond hearings (IJ bond redetermination decisions),1071,1681,0,0.3892,0.3892,5000
2004-04,2470,bond hearings (IJ bond redetermination decisions),953,1517,0,0.3858,0.3858,5000
2004-05,2159,bond hearings (IJ bond redetermination decisions),904,1255,0,0.4187,0.4187,5000
2004-06,2093,bond hearings (IJ bond redetermination decisions),866,1227,0,0.4138,0.4138,5000
2004-07,1828,bond hearings (IJ bond redetermination decisions),623,1205,0,0.3408,0.3408,5000
2004-08,2040,bond hearings (IJ bond redetermination decisions),723,1317,0,0.3544,0.3544,5000
2004-09,1985,bond hearings (IJ bond redetermination decisions),712,1273,0,0.3587,0.3587,5000
2004-10,1756,bond hearings (IJ bond redetermination decisions),647,1109,0,0.3685,0.3685,5000
2004-11,1928,bond hearings (IJ bond redetermination decisions),668,1260,0,0.3465,0.3465,5000
2004-12,1771,bond hearings (IJ bond redetermination decisions),581,1190,0,0.3281,0.3281,5000
2005-01,1654,bond hearings (IJ bond redetermination decisions),531,1123,0,0.321,0.321,5000
2005-02,1796,bond hearings (IJ bond redetermination decisions),629,1167,0,0.3502,0.3502,5000
2005-03,2232,bond hearings (IJ bond redetermination decisions),720,1512,0,0.3226,0.3226,5000
2005-04,1965,bond hearings (IJ bond redetermination decisions),649,1316,0,0.3303,0.3303,5000
2005-05,2186,bond hearings (IJ bond redetermination decisions),760,1426,0,0.3477,0.3477,5000
2005-06,2072,bond hearings (IJ bond redetermination decisions),711,1361,0,0.3431,0.3431,5000
2005-07,1885,bond hearings (IJ bond redetermination decisions),728,1157,0,0.3862,0.3862,5000
2005-08,2165,bond hearings (IJ bond redetermination decisions),768,1397,0,0.3547,0.3547,5000
2005-09,2044,bond hearings (IJ bond redetermination decisions),729,1315,0,0.3567,0.3567,5000
2005-10,1852,bond hearings (IJ bond redetermination decisions),666,1186,0,0.3596,0.3596,5000
2005-11,1891,bond hearings (IJ bond redetermination decisions),689,1202,0,0.3644,0.3644,5000
2005-12,1749,bond hearings (IJ bond redetermination decisions),573,1176,0,0.3276,0.3276,5000
2006-01,1852,bond hearings (IJ bond redetermination decisions),663,1189,0,0.358,0.358,5000
2006-02,1938,bond hearings (IJ bond redetermination decisions),725,1213,0,0.3741,0.3741,5000
2006-03,2368,bond hearings (IJ bond redetermination decisions),917,1451,0,0.3872,0.3872,5000
2006-04,1996,bond hearings (IJ bond redetermination decisions),722,1274,0,0.3617,0.3617,5000
2006-05,2307,bond hearings (IJ bond redetermination decisions),911,1396,0,0.3949,0.3949,5000
2006-06,2349,bond hearings (IJ bond redetermination decisions),911,1438,0,0.3878,0.3878,5000
2006-07,2223,bond hearings (IJ bond redetermination decisions),950,1273,0,0.4274,0.4274,5000
2006-08,3283,bond hearings (IJ bond redetermination decisions),1434,1849,0,0.4368,0.4368,6000
2006-09,3309,bond hearings (IJ bond redetermination decisions),1396,1913,0,0.4219,0.4219,5000
2006-10,3256,bond hearings (IJ bond redetermination decisions),1466,1790,0,0.4502,0.4502,5250
2006-11,3320,bond hearings (IJ bond redetermination decisions),1426,1894,0,0.4295,0.4295,5000
2006-12,2968,bond hearings (IJ bond redetermination decisions),1244,1724,0,0.4191,0.4191,5000
2007-01,3332,bond hearings (IJ bond redetermination decisions),1293,2039,0,0.3881,0.3881,5000
2007-02,3124,bond hearings (IJ bond redetermination decisions),1325,1799,0,0.4241,0.4241,5000
2007-03,3830,bond hearings (IJ bond redetermination decisions),1512,2318,0,0.3948,0.3948,5000
2007-04,3400,bond hearings (IJ bond redetermination decisions),1394,2006,0,0.41,0.41,5000
2007-05,3371,bond hearings (IJ bond redetermination decisions),1342,2029,0,0.3981,0.3981,5000
2007-06,3156,bond hearings (IJ bond redetermination decisions),1211,1945,0,0.3837,0.3837,5000
2007-07,3238,bond hearings (IJ bond redetermination decisions),1305,1932,1,0.403,0.4032,5000
2007-08,2981,bond hearings (IJ bond redetermination decisions),1185,1796,0,0.3975,0.3975,5000
2007-09,2750,bond hearings (IJ bond redetermination decisions),1041,1709,0,0.3785,0.3785,5000
2007-10,3242,bond hearings (IJ bond redetermination decisions),1202,2040,0,0.3708,0.3708,5000
2007-11,3078,bond hearings (IJ bond redetermination decisions),1243,1835,0,0.4038,0.4038,5000
2007-12,2830,bond hearings (IJ bond redetermination decisions),1157,1673,0,0.4088,0.4088,5000
2008-01,3664,bond hearings (IJ bond redetermination decisions),1385,2278,1,0.378,0.3781,5000
2008-02,3466,bond hearings (IJ bond redetermination decisions),1208,2258,0,0.3485,0.3485,5000
2008-03,3489,bond hearings (IJ bond redetermination decisions),1312,2177,0,0.376,0.376,5000
2008-04,4057,bond hearings (IJ bond redetermination decisions),1522,2535,0,0.3752,0.3752,5000
2008-05,3624,bond hearings (IJ bond redetermination decisions),1352,2272,0,0.3731,0.3731,5000
2008-06,3783,bond hearings (IJ bond redetermination decisions),1419,2364,0,0.3751,0.3751,5000
2008-07,3956,bond hearings (IJ bond redetermination decisions),1463,2493,0,0.3698,0.3698,5000
2008-08,3326,bond hearings (IJ bond redetermination decisions),1353,1973,0,0.4068,0.4068,5000
2008-09,3621,bond hearings (IJ bond redetermination decisions),1307,2314,0,0.361,0.361,5000
2008-10,3742,bond hearings (IJ bond redetermination decisions),1355,2387,0,0.3621,0.3621,5000
2008-11,3286,bond hearings (IJ bond redetermination decisions),1294,1991,1,0.3938,0.3939,5000
2008-12,3936,bond hearings (IJ bond redetermination decisions),1527,2408,1,0.388,0.3881,5000
2009-01,3802,bond hearings (IJ bond redetermination decisions),1425,2377,0,0.3748,0.3748,5000
2009-02,3857,bond hearings (IJ bond redetermination decisions),1536,2320,1,0.3982,0.3983,5000
2009-03,4322,bond hearings (IJ bond redetermination decisions),1706,2616,0,0.3947,0.3947,5000
2009-04,4399,bond hearings (IJ bond redetermination decisions),1770,2629,0,0.4024,0.4024,5000
2009-05,3747,bond hearings (IJ bond redetermination decisions),1521,2226,0,0.4059,0.4059,5000
2009-06,4142,bond hearings (IJ bond redetermination decisions),1677,2465,0,0.4049,0.4049,5000
2009-07,4145,bond hearings (IJ bond redetermination decisions),1650,2493,2,0.3981,0.3983,5000
2009-08,3372,bond hearings (IJ bond redetermination decisions),1301,2071,0,0.3858,0.3858,5000
2009-09,3941,bond hearings (IJ bond redetermination decisions),1547,2394,0,0.3925,0.3925,5000
2009-10,3785,bond hearings (IJ bond redetermination decisions),1501,2284,0,0.3966,0.3966,5000
2009-11,3301,bond hearings (IJ bond redetermination decisions),1349,1951,1,0.4087,0.4088,5000
2009-12,3462,bond hearings (IJ bond redetermination decisions),1203,2258,1,0.3475,0.3476,5000
2010-01,3185,bond hearings (IJ bond redetermination decisions),1132,2053,0,0.3554,0.3554,5000
2010-02,2948,bond hearings (IJ bond redetermination decisions),1051,1897,0,0.3565,0.3565,5000
2010-03,3996,bond hearings (IJ bond redetermination decisions),1523,2472,1,0.3811,0.3812,5000
2010-04,4263,bond hearings (IJ bond redetermination decisions),1839,2423,1,0.4314,0.4315,5000
2010-05,4065,bond hearings (IJ bond redetermination decisions),1656,2409,0,0.4074,0.4074,5000
2010-06,4660,bond hearings (IJ bond redetermination decisions),1796,2864,0,0.3854,0.3854,5000
2010-07,3571,bond hearings (IJ bond redetermination decisions),1462,2109,0,0.4094,0.4094,5000
2010-08,4705,bond hearings (IJ bond redetermination decisions),1824,2881,0,0.3877,0.3877,5000
2010-09,4732,bond hearings (IJ bond redetermination decisions),1953,2779,0,0.4127,0.4127,5000
2010-10,4649,bond hearings (IJ bond redetermination decisions),1865,2784,0,0.4012,0.4012,5000
2010-11,4692,bond hearings (IJ bond redetermination decisions),1986,2704,2,0.4233,0.4235,5000
2010-12,5020,bond hearings (IJ bond redetermination decisions),2243,2776,1,0.4468,0.4469,5000
2011-01,5369,bond hearings (IJ bond redetermination decisions),2386,2983,0,0.4444,0.4444,5000
2011-02,5089,bond hearings (IJ bond redetermination decisions),2152,2937,0,0.4229,0.4229,5000
2011-03,6440,bond hearings (IJ bond redetermination decisions),2857,3583,0,0.4436,0.4436,5000
2011-04,5625,bond hearings (IJ bond redetermination decisions),2560,3062,3,0.4551,0.4554,5000
2011-05,5896,bond hearings (IJ bond redetermination decisions),2664,3232,0,0.4518,0.4518,5000
2011-06,6310,bond hearings (IJ bond redetermination decisions),2959,3351,0,0.4689,0.4689,5000
2011-07,4302,bond hearings (IJ bond redetermination decisions),2028,2274,0,0.4714,0.4714,5000
2011-08,6900,bond hearings (IJ bond redetermination decisions),3109,3791,0,0.4506,0.4506,5000
2011-09,6106,bond hearings (IJ bond redetermination decisions),2900,3205,1,0.4749,0.475,5000
2011-10,6047,bond hearings (IJ bond redetermination decisions),2823,3224,0,0.4668,0.4668,5000
2011-11,5866,bond hearings (IJ bond redetermination decisions),2697,3169,0,0.4598,0.4598,5000
2011-12,5317,bond hearings (IJ bond redetermination decisions),2424,2893,0,0.4559,0.4559,5000
2012-01,5673,bond hearings (IJ bond redetermination decisions),2489,3184,0,0.4387,0.4387,5000
2012-02,5443,bond hearings (IJ bond redetermination decisions),2526,2916,1,0.4641,0.4642,5000
2012-03,5771,bond hearings (IJ bond redetermination decisions),2763,3007,1,0.4788,0.4789,5000
2012-04,5960,bond hearings (IJ bond redetermination decisions),2770,3188,2,0.4648,0.4649,5000
2012-05,5999,bond hearings (IJ bond redetermination decisions),2790,3209,0,0.4651,0.4651,5000
2012-06,5440,bond hearings (IJ bond redetermination decisions),2535,2904,1,0.466,0.4661,5000
2012-07,4765,bond hearings (IJ bond redetermination decisions),2104,2661,0,0.4416,0.4416,5000
2012-08,6235,bond hearings (IJ bond redetermination decisions),2823,3412,0,0.4528,0.4528,5000
2012-09,4722,bond hearings (IJ bond redetermination decisions),2123,2599,0,0.4496,0.4496,5000
2012-10,5178,bond hearings (IJ bond redetermination decisions),2283,2894,1,0.4409,0.441,5000
2012-11,4388,bond hearings (IJ bond redetermination decisions),1879,2507,2,0.4282,0.4284,5000
2012-12,3836,bond hearings (IJ bond redetermination decisions),1596,2238,2,0.4161,0.4163,5000
2013-01,4694,bond hearings (IJ bond redetermination decisions),1934,2760,0,0.412,0.412,5000
2013-02,4001,bond hearings (IJ bond redetermination decisions),1514,2485,2,0.3784,0.3786,5000
2013-03,2929,bond hearings (IJ bond redetermination decisions),1058,1870,1,0.3612,0.3613,5000
2013-04,4290,bond hearings (IJ bond redetermination decisions),1788,2501,1,0.4168,0.4169,5000
2013-05,4377,bond hearings (IJ bond redetermination decisions),1799,2578,0,0.411,0.411,5000
2013-06,3400,bond hearings (IJ bond redetermination decisions),1218,2182,0,0.3582,0.3582,6000
2013-07,2499,bond hearings (IJ bond redetermination decisions),1031,1468,0,0.4126,0.4126,5000
2013-08,4024,bond hearings (IJ bond redetermination decisions),1891,2132,1,0.4699,0.47,5000
2013-09,4399,bond hearings (IJ bond redetermination decisions),1934,2464,1,0.4396,0.4397,5000
2013-10,5024,bond hearings (IJ bond redetermination decisions),2276,2745,3,0.453,0.4533,6000
2013-11,3666,bond hearings (IJ bond redetermination decisions),1620,2044,2,0.4419,0.4421,5000
2013-12,4018,bond hearings (IJ bond redetermination decisions),1901,2117,0,0.4731,0.4731,6000
2014-01,4065,bond hearings (IJ bond redetermination decisions),1998,2065,2,0.4915,0.4918,6000
2014-02,3869,bond hearings (IJ bond redetermination decisions),1945,1924,0,0.5027,0.5027,5500
2014-03,4301,bond hearings (IJ bond redetermination decisions),2123,2177,1,0.4936,0.4937,5500
2014-04,3695,bond hearings (IJ bond redetermination decisions),1834,1861,0,0.4963,0.4963,5000
2014-05,3953,bond hearings (IJ bond redetermination decisions),1900,2052,1,0.4806,0.4808,5000
2014-06,4833,bond hearings (IJ bond redetermination decisions),2333,2498,2,0.4827,0.4829,5500
2014-07,5081,bond hearings (IJ bond redetermination decisions),2475,2604,2,0.4871,0.4873,5000
2014-08,4238,bond hearings (IJ bond redetermination decisions),2089,2148,1,0.4929,0.493,6000
2014-09,4606,bond hearings (IJ bond redetermination decisions),2317,2289,0,0.503,0.503,6000
2014-10,4944,bond hearings (IJ bond redetermination decisions),2625,2316,3,0.5309,0.5313,5000
2014-11,3510,bond hearings (IJ bond redetermination decisions),1837,1670,3,0.5234,0.5238,5000
2014-12,3722,bond hearings (IJ bond redetermination decisions),2037,1684,1,0.5473,0.5474,5000
2015-01,3218,bond hearings (IJ bond redetermination decisions),1591,1627,0,0.4944,0.4944,6000
2015-02,3154,bond hearings (IJ bond redetermination decisions),1761,1391,2,0.5583,0.5587,6000
2015-03,4236,bond hearings (IJ bond redetermination decisions),2302,1934,0,0.5434,0.5434,6000
2015-04,4308,bond hearings (IJ bond redetermination decisions),2410,1898,0,0.5594,0.5594,7000
2015-05,4152,bond hearings (IJ bond redetermination decisions),2373,1778,1,0.5715,0.5717,7000
2015-06,4839,bond hearings (IJ bond redetermination decisions),2735,2102,2,0.5652,0.5654,7000
2015-07,4796,bond hearings (IJ bond redetermination decisions),2651,2145,0,0.5528,0.5528,7500
2015-08,4030,bond hearings (IJ bond redetermination decisions),2372,1658,0,0.5886,0.5886,7500
2015-09,4829,bond hearings (IJ bond redetermination decisions),2982,1846,1,0.6175,0.6176,7500
2015-10,4359,bond hearings (IJ bond redetermination decisions),2608,1751,0,0.5983,0.5983,7500
2015-11,3672,bond hearings (IJ bond redetermination decisions),2087,1583,2,0.5684,0.5687,7500
2015-12,4148,bond hearings (IJ bond redetermination decisions),2317,1830,1,0.5586,0.5587,7500
2016-01,3794,bond hearings (IJ bond redetermination decisions),2112,1680,2,0.5567,0.557,8000
2016-02,4189,bond hearings (IJ bond redetermination decisions),2361,1826,2,0.5636,0.5639,7500
2016-03,4730,bond hearings (IJ bond redetermination decisions),2680,2047,3,0.5666,0.567,8000
2016-04,3891,bond hearings (IJ bond redetermination decisions),2186,1705,0,0.5618,0.5618,8000
2016-05,3991,bond hearings (IJ bond redetermination decisions),2201,1787,3,0.5515,0.5519,9000
2016-06,4186,bond hearings (IJ bond redetermination decisions),2341,1843,2,0.5592,0.5595,8500
2016-07,3603,bond hearings (IJ bond redetermination decisions),2024,1577,2,0.5618,0.5621,8500
2016-08,4413,bond hearings (IJ bond redetermination decisions),2421,1988,4,0.5486,0.5491,8500
2016-09,4789,bond hearings (IJ bond redetermination decisions),2538,2250,1,0.53,0.5301,8000
2016-10,4116,bond hearings (IJ bond redetermination decisions),2080,2036,0,0.5053,0.5053,8000
2016-11,4015,bond hearings (IJ bond redetermination decisions),2020,1988,7,0.5031,0.504,8000
2016-12,3601,bond hearings (IJ bond redetermination decisions),1713,1886,2,0.4757,0.476,8000
2017-01,3630,bond hearings (IJ bond redetermination decisions),1693,1937,0,0.4664,0.4664,8000
2017-02,3915,bond hearings (IJ bond redetermination decisions),1750,2161,4,0.447,0.4475,7500
2017-03,6138,bond hearings (IJ bond redetermination decisions),3036,3097,5,0.4946,0.495,7500
2017-04,6040,bond hearings (IJ bond redetermination decisions),3215,2822,3,0.5323,0.5325,7500
2017-05,6652,bond hearings (IJ bond redetermination decisions),3450,3199,3,0.5186,0.5189,8000
2017-06,6067,bond hearings (IJ bond redetermination decisions),3166,2899,2,0.5218,0.522,8000
2017-07,5008,bond hearings (IJ bond redetermination decisions),2582,2423,3,0.5156,0.5159,7500
2017-08,6503,bond hearings (IJ bond redetermination decisions),3221,3280,2,0.4953,0.4955,7500
2017-09,5199,bond hearings (IJ bond redetermination decisions),2595,2601,3,0.4991,0.4994,7500
2017-10,5644,bond hearings (IJ bond redetermination decisions),2596,3044,4,0.46,0.4603,7500
2017-11,5562,bond hearings (IJ bond redetermination decisions),2537,3021,4,0.4561,0.4565,7500
2017-12,5102,bond hearings (IJ bond redetermination decisions),2542,2554,6,0.4982,0.4988,7500
2018-01,6293,bond hearings (IJ bond redetermination decisions),3158,3132,3,0.5018,0.5021,7500
2018-02,6054,bond hearings (IJ bond redetermination decisions),2919,3130,5,0.4822,0.4826,7500
2018-03,6558,bond hearings (IJ bond redetermination decisions),3007,3547,4,0.4585,0.4588,7500
2018-04,5890,bond hearings (IJ bond redetermination decisions),2715,3174,1,0.461,0.461,7500
2018-05,6728,bond hearings (IJ bond redetermination decisions),3269,3452,7,0.4859,0.4864,7500
2018-06,5497,bond hearings (IJ bond redetermination decisions),2648,2845,4,0.4817,0.4821,7500
2018-07,6470,bond hearings (IJ bond redetermination decisions),3089,3377,4,0.4774,0.4777,7500
2018-08,7400,bond hearings (IJ bond redetermination decisions),3462,3935,3,0.4678,0.468,7500
2018-09,5817,bond hearings (IJ bond redetermination decisions),2746,3066,5,0.4721,0.4725,8500
2018-10,7162,bond hearings (IJ bond redetermination decisions),3401,3757,4,0.4749,0.4751,8500
2018-11,6065,bond hearings (IJ bond redetermination decisions),2928,3137,0,0.4828,0.4828,10000
2018-12,5462,bond hearings (IJ bond redetermination decisions),2692,2767,3,0.4929,0.4931,8750
2019-01,6807,bond hearings (IJ bond redetermination decisions),3479,3328,0,0.5111,0.5111,9000
2019-02,5774,bond hearings (IJ bond redetermination decisions),2721,3051,2,0.4713,0.4714,8000
2019-03,6219,bond hearings (IJ bond redetermination decisions),2852,3361,6,0.4586,0.459,8000
2019-04,6472,bond hearings (IJ bond redetermination decisions),2895,3574,3,0.4473,0.4475,8000
2019-05,6406,bond hearings (IJ bond redetermination decisions),2872,3523,11,0.4483,0.4491,8000
2019-06,6004,bond hearings (IJ bond redetermination decisions),2856,3144,4,0.4757,0.476,8000
2019-07,6407,bond hearings (IJ bond redetermination decisions),2837,3567,3,0.4428,0.443,8000
2019-08,6259,bond hearings (IJ bond redetermination decisions),3236,3021,2,0.517,0.5172,8500
2019-09,6586,bond hearings (IJ bond redetermination decisions),3538,3045,3,0.5372,0.5374,9000
2019-10,7388,bond hearings (IJ bond redetermination decisions),4001,3378,9,0.5416,0.5422,10000
2019-11,5952,bond hearings (IJ bond redetermination decisions),3180,2766,6,0.5343,0.5348,10000
2019-12,5853,bond hearings (IJ bond redetermination decisions),3058,2792,3,0.5225,0.5227,9800
2020-01,5435,bond hearings (IJ bond redetermination decisions),2622,2805,8,0.4824,0.4831,10000
2020-02,5312,bond hearings (IJ bond redetermination decisions),2515,2796,1,0.4735,0.4735,8000
2020-03,5602,bond hearings (IJ bond redetermination decisions),2873,2721,8,0.5129,0.5136,8000
2020-04,4052,bond hearings (IJ bond redetermination decisions),1843,2186,23,0.4548,0.4574,7500
2020-05,2739,bond hearings (IJ bond redetermination decisions),750,1746,243,0.2738,0.3005,8000
2020-06,2240,bond hearings (IJ bond redetermination decisions),672,1371,197,0.3,0.3289,8000
2020-07,1928,bond hearings (IJ bond redetermination decisions),625,1133,170,0.3242,0.3555,8000
2020-08,2069,bond hearings (IJ bond redetermination decisions),612,1221,236,0.2958,0.3339,7500
2020-09,2248,bond hearings (IJ bond redetermination decisions),628,1344,276,0.2794,0.3185,8000
2020-10,2390,bond hearings (IJ bond redetermination decisions),636,1419,335,0.2661,0.3095,7500
2020-11,2061,bond hearings (IJ bond redetermination decisions),527,1299,235,0.2557,0.2886,7500
2020-12,2088,bond hearings (IJ bond redetermination decisions),529,1234,325,0.2534,0.3001,7500
2021-01,1852,bond hearings (IJ bond redetermination decisions),547,1079,226,0.2954,0.3364,7500
2021-02,1507,bond hearings (IJ bond redetermination decisions),439,874,194,0.2913,0.3343,7500
2021-03,1456,bond hearings (IJ bond redetermination decisions),382,903,171,0.2624,0.2973,7500
2021-04,1338,bond hearings (IJ bond redetermination decisions),472,701,165,0.3528,0.4024,7500
2021-05,1623,bond hearings (IJ bond redetermination decisions),630,779,214,0.3882,0.4471,5000
2021-06,2183,bond hearings (IJ bond redetermination decisions),928,1044,211,0.4251,0.4706,5250
2021-07,2215,bond hearings (IJ bond redetermination decisions),802,1055,358,0.3621,0.4319,6000
2021-08,1628,bond hearings (IJ bond redetermination decisions),414,882,332,0.2543,0.3194,5000
2021-09,1652,bond hearings (IJ bond redetermination decisions),596,787,269,0.3608,0.4309,5000
2021-10,1674,bond hearings (IJ bond redetermination decisions),709,718,247,0.4235,0.4968,5000
2021-11,2174,bond hearings (IJ bond redetermination decisions),888,895,391,0.4085,0.498,5000
2021-12,1823,bond hearings (IJ bond redetermination decisions),690,871,262,0.3785,0.442,5000
2022-01,1629,bond hearings (IJ bond redetermination decisions),444,847,338,0.2726,0.3439,5000
2022-02,2206,bond hearings (IJ bond redetermination decisions),672,1021,513,0.3046,0.3969,7000
2022-03,2524,bond hearings (IJ bond redetermination decisions),716,1090,718,0.2837,0.3965,5000
2022-04,2469,bond hearings (IJ bond redetermination decisions),836,1047,586,0.3386,0.444,6000
2022-05,3049,bond hearings (IJ bond redetermination decisions),1111,1264,674,0.3644,0.4678,5000
2022-06,3059,bond hearings (IJ bond redetermination decisions),1095,1336,628,0.358,0.4504,5000
2022-07,2757,bond hearings (IJ bond redetermination decisions),923,1342,492,0.3348,0.4075,5000
2022-08,3422,bond hearings (IJ bond redetermination decisions),1182,1594,646,0.3454,0.4258,5000
2022-09,2838,bond hearings (IJ bond redetermination decisions),978,1221,639,0.3446,0.4447,5000
2022-10,2482,bond hearings (IJ bond redetermination decisions),852,1049,581,0.3433,0.4482,7000
2022-11,2922,bond hearings (IJ bond redetermination decisions),1066,1263,593,0.3648,0.4577,7500
2022-12,2453,bond hearings (IJ bond redetermination decisions),670,1111,672,0.2731,0.3762,7000
2023-01,1450,bond hearings (IJ bond redetermination decisions),411,722,317,0.2834,0.3628,7000
2023-02,1548,bond hearings (IJ bond redetermination decisions),477,745,326,0.3081,0.3903,6000
2023-03,2001,bond hearings (IJ bond redetermination decisions),600,1004,397,0.2999,0.3741,7500
2023-04,1701,bond hearings (IJ bond redetermination decisions),508,790,403,0.2986,0.3914,7500
2023-05,2008,bond hearings (IJ bond redetermination decisions),556,1022,430,0.2769,0.3523,5750
2023-06,1869,bond hearings (IJ bond redetermination decisions),658,866,345,0.3521,0.4318,5000
2023-07,2221,bond hearings (IJ bond redetermination decisions),723,1038,460,0.3255,0.4106,5500
2023-08,2637,bond hearings (IJ bond redetermination decisions),930,1204,503,0.3527,0.4358,7000
2023-09,1926,bond hearings (IJ bond redetermination decisions),635,944,347,0.3297,0.4022,6000
2023-10,2301,bond hearings (IJ bond redetermination decisions),646,1166,489,0.2807,0.3565,6000
2023-11,2011,bond hearings (IJ bond redetermination decisions),623,975,413,0.3098,0.3899,5000
2023-12,1858,bond hearings (IJ bond redetermination decisions),539,963,356,0.2901,0.3589,5000
2024-01,1923,bond hearings (IJ bond redetermination decisions),583,1010,330,0.3032,0.366,5000
2024-02,2174,bond hearings (IJ bond redetermination decisions),687,1118,369,0.316,0.3806,5000
2024-03,2114,bond hearings (IJ bond redetermination decisions),721,1044,349,0.3411,0.4085,5000
2024-04,2273,bond hearings (IJ bond redetermination decisions),742,1133,398,0.3264,0.3957,5000
2024-05,2131,bond hearings (IJ bond redetermination decisions),632,1128,371,0.2966,0.3591,6000
2024-06,2163,bond hearings (IJ bond redetermination decisions),711,1134,318,0.3287,0.3854,6000
2024-07,2261,bond hearings (IJ bond redetermination decisions),735,1161,365,0.3251,0.3877,5000
2024-08,2287,bond hearings (IJ bond redetermination decisions),743,1188,356,0.3249,0.3848,6000
2024-09,2137,bond hearings (IJ bond redetermination decisions),633,1150,354,0.2962,0.355,6000
2024-10,2569,bond hearings (IJ bond redetermination decisions),762,1393,414,0.2966,0.3536,6000
2024-11,2100,bond hearings (IJ bond redetermination decisions),516,1137,447,0.2457,0.3122,6500
2024-12,2192,bond hearings (IJ bond redetermination decisions),651,1087,454,0.297,0.3746,6500
2025-01,2120,bond hearings (IJ bond redetermination decisions),531,1195,394,0.2505,0.3076,6500
2025-02,2960,bond hearings (IJ bond redetermination decisions),765,1519,676,0.2584,0.3349,5000
2025-03,5352,bond hearings (IJ bond redetermination decisions),1854,2531,967,0.3464,0.4228,5000
2025-04,6541,bond hearings (IJ bond redetermination decisions),2457,3099,985,0.3756,0.4422,5000
2025-05,6527,bond hearings (IJ bond redetermination decisions),2186,3258,1083,0.3349,0.4015,5000
2025-06,7287,bond hearings (IJ bond redetermination decisions),2502,3613,1172,0.3434,0.4092,5000
2025-07,7700,bond hearings (IJ bond redetermination decisions),1930,4467,1303,0.2506,0.3017,5500
2025-08,5380,bond hearings (IJ bond redetermination decisions),1088,3487,805,0.2022,0.2378,6000
2025-09,4539,bond hearings (IJ bond redetermination decisions),709,3023,807,0.1562,0.19,5000
2025-10,3190,bond hearings (IJ bond redetermination decisions),914,1858,418,0.2865,0.3297,5000
2025-11,2795,bond hearings (IJ bond redetermination decisions),1110,1407,278,0.3971,0.441,5000
2025-12,6897,bond hearings (IJ bond redetermination decisions),2013,4126,758,0.2919,0.3279,5000
2026-01,7330,bond hearings (IJ bond redetermination decisions),2128,4551,651,0.2903,0.3186,5750
2026-02,6040,bond hearings (IJ bond redetermination decisions),1829,3755,456,0.3028,0.3275,7000
2026-03,7342,bond hearings (IJ bond redetermination decisions),1897,4704,741,0.2584,0.2874,7500
2026-04,5310,bond hearings (IJ bond redetermination decisions),1688,3262,360,0.3179,0.341,7500
2026-05,5511,bond hearings (IJ bond redetermination decisions),1879,3259,373,0.341,0.3657,7000
2026-06,5819,bond hearings (IJ bond redetermination decisions),1859,3519,441,0.3195,0.3457,7500
2026-07,7416,bond hearings (IJ bond redetermination decisions),2343,4323,750,0.3159,0.3515,7500
2026-08,8970,bond hearings (IJ bond redetermination decisions),2598,5030,1342,0.2896,0.3406,7500
