# Series: Federal habeas corpus petitions by immigration detainees filed per month (nature of suit 463, 'Habeas Corpus (Alien Detainee)')
# Source: ProPublica, 'Tracking the Rise of Immigration-Related Habeas Corpus Cases' (Ruth Talbot, Pratheek Rebala, Carla Astudillo; published Feb. 10, 2026; data as of Oct. 6, 2026), built from PACER and Free Law Project CourtListener records
# URL: https://projects.propublica.org/habeas-tracker ; case list: https://propublica.s3.us-east-1.amazonaws.com/projects/habeas-tracker/latest/2026-10-06/propublica_habeas_2026-10-06_all_cases.csv
# Retrieved: 2026-10-07
# Definition: monthly counts are tallies (by date_filed) of ProPublica's published case list, which has one row per docket (101,136 cases since 2008; 85,252 since Jan 1, 2025, matching the page headline '85,252 Habeas cases since January 2025'). The tally is ours; the case list is ProPublica's.
# Coverage: 2015-01 through 2026-10 (2026-10 is partial, through Oct 5).
# Caveats: credit 'ProPublica analysis of court data'. Counts can rise slightly for recent weeks as dockets appear in CourtListener. trac_habeas_crosscheck shows TRAC's independent count for overlapping months; the two agree closely (e.g., Mar 2026: ProPublica 9,115 vs TRAC 9,059).
date_or_period,value,unit,partial_month,trac_habeas_crosscheck
2015-01,31,"habeas petitions filed (NOS 463, alien detainee)",False,
2015-02,51,"habeas petitions filed (NOS 463, alien detainee)",False,
2015-03,62,"habeas petitions filed (NOS 463, alien detainee)",False,
2015-04,95,"habeas petitions filed (NOS 463, alien detainee)",False,
2015-05,54,"habeas petitions filed (NOS 463, alien detainee)",False,
2015-06,46,"habeas petitions filed (NOS 463, alien detainee)",False,
2015-07,67,"habeas petitions filed (NOS 463, alien detainee)",False,
2015-08,67,"habeas petitions filed (NOS 463, alien detainee)",False,
2015-09,58,"habeas petitions filed (NOS 463, alien detainee)",False,
2015-10,66,"habeas petitions filed (NOS 463, alien detainee)",False,
2015-11,69,"habeas petitions filed (NOS 463, alien detainee)",False,
2015-12,115,"habeas petitions filed (NOS 463, alien detainee)",False,
2016-01,86,"habeas petitions filed (NOS 463, alien detainee)",False,
2016-02,80,"habeas petitions filed (NOS 463, alien detainee)",False,
2016-03,99,"habeas petitions filed (NOS 463, alien detainee)",False,
2016-04,78,"habeas petitions filed (NOS 463, alien detainee)",False,
2016-05,92,"habeas petitions filed (NOS 463, alien detainee)",False,
2016-06,73,"habeas petitions filed (NOS 463, alien detainee)",False,
2016-07,89,"habeas petitions filed (NOS 463, alien detainee)",False,
2016-08,124,"habeas petitions filed (NOS 463, alien detainee)",False,
2016-09,97,"habeas petitions filed (NOS 463, alien detainee)",False,
2016-10,84,"habeas petitions filed (NOS 463, alien detainee)",False,
2016-11,108,"habeas petitions filed (NOS 463, alien detainee)",False,
2016-12,128,"habeas petitions filed (NOS 463, alien detainee)",False,
2017-01,159,"habeas petitions filed (NOS 463, alien detainee)",False,
2017-02,133,"habeas petitions filed (NOS 463, alien detainee)",False,
2017-03,130,"habeas petitions filed (NOS 463, alien detainee)",False,
2017-04,119,"habeas petitions filed (NOS 463, alien detainee)",False,
2017-05,143,"habeas petitions filed (NOS 463, alien detainee)",False,
2017-06,111,"habeas petitions filed (NOS 463, alien detainee)",False,
2017-07,106,"habeas petitions filed (NOS 463, alien detainee)",False,
2017-08,117,"habeas petitions filed (NOS 463, alien detainee)",False,
2017-09,123,"habeas petitions filed (NOS 463, alien detainee)",False,
2017-10,118,"habeas petitions filed (NOS 463, alien detainee)",False,
2017-11,129,"habeas petitions filed (NOS 463, alien detainee)",False,
2017-12,153,"habeas petitions filed (NOS 463, alien detainee)",False,
2018-01,189,"habeas petitions filed (NOS 463, alien detainee)",False,
2018-02,141,"habeas petitions filed (NOS 463, alien detainee)",False,
2018-03,140,"habeas petitions filed (NOS 463, alien detainee)",False,
2018-04,122,"habeas petitions filed (NOS 463, alien detainee)",False,
2018-05,106,"habeas petitions filed (NOS 463, alien detainee)",False,
2018-06,148,"habeas petitions filed (NOS 463, alien detainee)",False,
2018-07,133,"habeas petitions filed (NOS 463, alien detainee)",False,
2018-08,174,"habeas petitions filed (NOS 463, alien detainee)",False,
2018-09,95,"habeas petitions filed (NOS 463, alien detainee)",False,
2018-10,119,"habeas petitions filed (NOS 463, alien detainee)",False,
2018-11,121,"habeas petitions filed (NOS 463, alien detainee)",False,
2018-12,87,"habeas petitions filed (NOS 463, alien detainee)",False,
2019-01,88,"habeas petitions filed (NOS 463, alien detainee)",False,
2019-02,117,"habeas petitions filed (NOS 463, alien detainee)",False,
2019-03,97,"habeas petitions filed (NOS 463, alien detainee)",False,
2019-04,123,"habeas petitions filed (NOS 463, alien detainee)",False,
2019-05,115,"habeas petitions filed (NOS 463, alien detainee)",False,
2019-06,123,"habeas petitions filed (NOS 463, alien detainee)",False,
2019-07,114,"habeas petitions filed (NOS 463, alien detainee)",False,
2019-08,117,"habeas petitions filed (NOS 463, alien detainee)",False,
2019-09,109,"habeas petitions filed (NOS 463, alien detainee)",False,
2019-10,110,"habeas petitions filed (NOS 463, alien detainee)",False,
2019-11,118,"habeas petitions filed (NOS 463, alien detainee)",False,
2019-12,129,"habeas petitions filed (NOS 463, alien detainee)",False,
2020-01,137,"habeas petitions filed (NOS 463, alien detainee)",False,
2020-02,142,"habeas petitions filed (NOS 463, alien detainee)",False,
2020-03,222,"habeas petitions filed (NOS 463, alien detainee)",False,
2020-04,438,"habeas petitions filed (NOS 463, alien detainee)",False,
2020-05,244,"habeas petitions filed (NOS 463, alien detainee)",False,
2020-06,198,"habeas petitions filed (NOS 463, alien detainee)",False,
2020-07,151,"habeas petitions filed (NOS 463, alien detainee)",False,
2020-08,169,"habeas petitions filed (NOS 463, alien detainee)",False,
2020-09,217,"habeas petitions filed (NOS 463, alien detainee)",False,
2020-10,144,"habeas petitions filed (NOS 463, alien detainee)",False,
2020-11,111,"habeas petitions filed (NOS 463, alien detainee)",False,
2020-12,126,"habeas petitions filed (NOS 463, alien detainee)",False,
2021-01,126,"habeas petitions filed (NOS 463, alien detainee)",False,
2021-02,91,"habeas petitions filed (NOS 463, alien detainee)",False,
2021-03,68,"habeas petitions filed (NOS 463, alien detainee)",False,
2021-04,54,"habeas petitions filed (NOS 463, alien detainee)",False,
2021-05,51,"habeas petitions filed (NOS 463, alien detainee)",False,
2021-06,73,"habeas petitions filed (NOS 463, alien detainee)",False,
2021-07,55,"habeas petitions filed (NOS 463, alien detainee)",False,
2021-08,37,"habeas petitions filed (NOS 463, alien detainee)",False,
2021-09,31,"habeas petitions filed (NOS 463, alien detainee)",False,
2021-10,26,"habeas petitions filed (NOS 463, alien detainee)",False,
2021-11,34,"habeas petitions filed (NOS 463, alien detainee)",False,
2021-12,31,"habeas petitions filed (NOS 463, alien detainee)",False,
2022-01,35,"habeas petitions filed (NOS 463, alien detainee)",False,
2022-02,22,"habeas petitions filed (NOS 463, alien detainee)",False,
2022-03,37,"habeas petitions filed (NOS 463, alien detainee)",False,
2022-04,33,"habeas petitions filed (NOS 463, alien detainee)",False,
2022-05,18,"habeas petitions filed (NOS 463, alien detainee)",False,
2022-06,20,"habeas petitions filed (NOS 463, alien detainee)",False,
2022-07,21,"habeas petitions filed (NOS 463, alien detainee)",False,
2022-08,20,"habeas petitions filed (NOS 463, alien detainee)",False,
2022-09,26,"habeas petitions filed (NOS 463, alien detainee)",False,
2022-10,20,"habeas petitions filed (NOS 463, alien detainee)",False,
2022-11,30,"habeas petitions filed (NOS 463, alien detainee)",False,
2022-12,25,"habeas petitions filed (NOS 463, alien detainee)",False,
2023-01,43,"habeas petitions filed (NOS 463, alien detainee)",False,
2023-02,40,"habeas petitions filed (NOS 463, alien detainee)",False,
2023-03,34,"habeas petitions filed (NOS 463, alien detainee)",False,
2023-04,22,"habeas petitions filed (NOS 463, alien detainee)",False,
2023-05,29,"habeas petitions filed (NOS 463, alien detainee)",False,
2023-06,21,"habeas petitions filed (NOS 463, alien detainee)",False,
2023-07,30,"habeas petitions filed (NOS 463, alien detainee)",False,
2023-08,24,"habeas petitions filed (NOS 463, alien detainee)",False,
2023-09,33,"habeas petitions filed (NOS 463, alien detainee)",False,
2023-10,43,"habeas petitions filed (NOS 463, alien detainee)",False,
2023-11,36,"habeas petitions filed (NOS 463, alien detainee)",False,
2023-12,41,"habeas petitions filed (NOS 463, alien detainee)",False,
2024-01,26,"habeas petitions filed (NOS 463, alien detainee)",False,
2024-02,33,"habeas petitions filed (NOS 463, alien detainee)",False,
2024-03,24,"habeas petitions filed (NOS 463, alien detainee)",False,
2024-04,30,"habeas petitions filed (NOS 463, alien detainee)",False,
2024-05,33,"habeas petitions filed (NOS 463, alien detainee)",False,
2024-06,26,"habeas petitions filed (NOS 463, alien detainee)",False,
2024-07,39,"habeas petitions filed (NOS 463, alien detainee)",False,
2024-08,51,"habeas petitions filed (NOS 463, alien detainee)",False,
2024-09,36,"habeas petitions filed (NOS 463, alien detainee)",False,
2024-10,28,"habeas petitions filed (NOS 463, alien detainee)",False,
2024-11,32,"habeas petitions filed (NOS 463, alien detainee)",False,
2024-12,64,"habeas petitions filed (NOS 463, alien detainee)",False,
2025-01,66,"habeas petitions filed (NOS 463, alien detainee)",False,
2025-02,91,"habeas petitions filed (NOS 463, alien detainee)",False,
2025-03,100,"habeas petitions filed (NOS 463, alien detainee)",False,105.0
2025-04,122,"habeas petitions filed (NOS 463, alien detainee)",False,121.0
2025-05,166,"habeas petitions filed (NOS 463, alien detainee)",False,167.0
2025-06,252,"habeas petitions filed (NOS 463, alien detainee)",False,254.0
2025-07,281,"habeas petitions filed (NOS 463, alien detainee)",False,280.0
2025-08,410,"habeas petitions filed (NOS 463, alien detainee)",False,414.0
2025-09,732,"habeas petitions filed (NOS 463, alien detainee)",False,733.0
2025-10,1381,"habeas petitions filed (NOS 463, alien detainee)",False,1392.0
2025-11,2198,"habeas petitions filed (NOS 463, alien detainee)",False,2202.0
2025-12,3638,"habeas petitions filed (NOS 463, alien detainee)",False,3642.0
2026-01,6773,"habeas petitions filed (NOS 463, alien detainee)",False,6780.0
2026-02,8422,"habeas petitions filed (NOS 463, alien detainee)",False,8282.0
2026-03,9115,"habeas petitions filed (NOS 463, alien detainee)",False,9059.0
2026-04,9042,"habeas petitions filed (NOS 463, alien detainee)",False,
2026-05,7927,"habeas petitions filed (NOS 463, alien detainee)",False,
2026-06,7670,"habeas petitions filed (NOS 463, alien detainee)",False,
2026-07,8522,"habeas petitions filed (NOS 463, alien detainee)",False,
2026-08,8780,"habeas petitions filed (NOS 463, alien detainee)",False,
2026-09,8566,"habeas petitions filed (NOS 463, alien detainee)",False,
2026-10,998,"habeas petitions filed (NOS 463, alien detainee)",True,
