# Series: ICE final book-outs (releases and removals) by release reason, per month. value = releases on bond set by an immigration judge (IJ)
# Source: ICE Detention Statistics spreadsheets, table 'ICE Final Book Outs by Release Reason', via Deportation Data Project table 'book-outs-by-reason-monthly' (criminality = Total)
# URL: https://github.com/deportationdata/ice-detention-management (data/detention-management-parquet.zip) ; https://deportationdata.org/data/processed/ice.html
# Retrieved: 2026-10-07
# Definition: count of people whose ICE detention ended in the month, by ICE's release reason code. bonded_out_total = bond_set_by_ice + bond_set_by_ij. court_ordered appears only from FY2026 (Oct 2025); Vera interprets it as releases ordered by a federal court, mostly via habeas.
# Coverage: 2020-10 through 2026-07 (2026-07 partial through 2026-07-11; 2025-09 partial through 2025-09-20). Monthly reason detail is not available in the FY2019 and FY2020 files (annual only).
# Caveats: Category set changed in FY2024. Before FY2024 the table listed only release reasons and total_book_outs is the sum of releases; from FY2024 it adds 'Release to Remove' (removals) and transfer categories, so total_book_outs is not comparable across that break. Compare bond_set_by_ij and court_ordered levels, not the totals. Blank cells mean the category did not exist in that year's table.
date_or_period,value,unit,bond_set_by_ij,bond_set_by_ice,bonded_out_total,court_ordered,order_of_recognizance,order_of_supervision,paroled,proceedings_terminated,relief_granted_by_ij,release_to_remove,transfer_to_usms_or_other_agency,transferred,other,total_book_outs,partial_month,ice_data_pull_date
2020-10,913.0,book-outs (people released from ICE detention),913.0,218.0,1131.0,,603.0,405.0,390.0,,,,,,,2529.0,False,2021-09-25
2020-11,743.0,book-outs (people released from ICE detention),743.0,181.0,924.0,,1064.0,686.0,244.0,,,,,,,2918.0,False,2021-09-25
2020-12,720.0,book-outs (people released from ICE detention),720.0,219.0,939.0,,1401.0,785.0,422.0,,,,,,,3547.0,False,2021-09-25
2021-01,651.0,book-outs (people released from ICE detention),651.0,225.0,876.0,,1511.0,844.0,451.0,,,,,,,3682.0,False,2021-09-25
2021-02,557.0,book-outs (people released from ICE detention),557.0,285.0,842.0,,2202.0,978.0,770.0,,,,,,,4792.0,False,2021-09-25
2021-03,514.0,book-outs (people released from ICE detention),514.0,238.0,752.0,,7167.0,1889.0,2070.0,,,,,,,11878.0,False,2021-09-25
2021-04,528.0,book-outs (people released from ICE detention),528.0,188.0,716.0,,9100.0,1031.0,1884.0,,,,,,,12731.0,False,2021-09-25
2021-05,688.0,book-outs (people released from ICE detention),688.0,422.0,1110.0,,9590.0,652.0,1733.0,,,,,,,13085.0,False,2021-09-25
2021-06,1053.0,book-outs (people released from ICE detention),1053.0,513.0,1566.0,,15859.0,824.0,2542.0,,,,,,,20791.0,False,2021-09-25
2021-07,935.0,book-outs (people released from ICE detention),935.0,451.0,1386.0,,16131.0,861.0,7297.0,,,,,,,25675.0,False,2021-09-25
2021-08,543.0,book-outs (people released from ICE detention),543.0,301.0,844.0,,20054.0,976.0,8897.0,,,,,,,30771.0,False,2021-09-25
2021-09,497.0,book-outs (people released from ICE detention),497.0,199.0,696.0,,14600.0,491.0,8304.0,,,,,,,24091.0,True,2021-09-25
2021-10,802.0,book-outs (people released from ICE detention),802.0,277.0,1079.0,,11625.0,463.0,8598.0,,,,,,,21765.0,False,2022-09-24
2021-11,930.0,book-outs (people released from ICE detention),930.0,260.0,1190.0,,14980.0,759.0,10572.0,,,,,,,27501.0,False,2022-09-24
2021-12,749.0,book-outs (people released from ICE detention),749.0,309.0,1058.0,,17311.0,1143.0,8474.0,,,,,,,27986.0,False,2022-09-24
2022-01,468.0,book-outs (people released from ICE detention),468.0,230.0,698.0,,16954.0,1187.0,5117.0,,,,,,,23956.0,False,2022-09-24
2022-02,808.0,book-outs (people released from ICE detention),808.0,1349.0,2157.0,,17779.0,535.0,4446.0,,,,,,,24917.0,False,2022-09-24
2022-03,833.0,book-outs (people released from ICE detention),833.0,2351.0,3184.0,,16248.0,614.0,4912.0,,,,,,,24958.0,False,2022-09-24
2022-04,976.0,book-outs (people released from ICE detention),976.0,1419.0,2395.0,,10893.0,558.0,4573.0,,,,,,,18419.0,False,2022-09-24
2022-05,1334.0,book-outs (people released from ICE detention),1334.0,1378.0,2712.0,,7013.0,605.0,6359.0,,,,,,,16689.0,False,2022-09-24
2022-06,1329.0,book-outs (people released from ICE detention),1329.0,2134.0,3463.0,,7788.0,584.0,6484.0,,,,,,,18319.0,False,2022-09-24
2022-07,1254.0,book-outs (people released from ICE detention),1254.0,1801.0,3055.0,,5519.0,431.0,6553.0,,,,,,,15558.0,False,2022-09-24
2022-08,1489.0,book-outs (people released from ICE detention),1489.0,1974.0,3463.0,,4229.0,565.0,6846.0,,,,,,,15103.0,False,2022-09-24
2022-09,958.0,book-outs (people released from ICE detention),958.0,1362.0,2320.0,,2929.0,425.0,5235.0,,,,,,,10909.0,True,2022-09-24
2022-10,1094.0,book-outs (people released from ICE detention),1094.0,1582.0,2676.0,,1867.0,430.0,4736.0,,,,,,,9709.0,False,2023-10-03
2022-11,1399.0,book-outs (people released from ICE detention),1399.0,1429.0,2828.0,,2176.0,306.0,7157.0,,,,,,,12467.0,False,2023-10-03
2022-12,832.0,book-outs (people released from ICE detention),832.0,1047.0,1879.0,,5450.0,1209.0,11754.0,,,,,,,20292.0,False,2023-10-03
2023-01,441.0,book-outs (people released from ICE detention),441.0,481.0,922.0,,3212.0,767.0,5991.0,,,,,,,10892.0,False,2023-10-03
2023-02,549.0,book-outs (people released from ICE detention),549.0,466.0,1015.0,,2804.0,249.0,6043.0,,,,,,,10111.0,False,2023-10-03
2023-03,678.0,book-outs (people released from ICE detention),678.0,1213.0,1891.0,,2665.0,320.0,9379.0,,,,,,,14255.0,False,2023-10-03
2023-04,548.0,book-outs (people released from ICE detention),548.0,437.0,985.0,,3126.0,324.0,8236.0,,,,,,,12671.0,False,2023-10-03
2023-05,600.0,book-outs (people released from ICE detention),600.0,629.0,1229.0,,4392.0,296.0,6525.0,,,,,,,12442.0,False,2023-10-03
2023-06,663.0,book-outs (people released from ICE detention),663.0,265.0,928.0,,3182.0,259.0,6721.0,,,,,,,11090.0,False,2023-10-03
2023-07,716.0,book-outs (people released from ICE detention),716.0,323.0,1039.0,,2901.0,327.0,6988.0,,,,,,,11255.0,False,2023-10-03
2023-08,933.0,book-outs (people released from ICE detention),933.0,292.0,1225.0,,4044.0,342.0,6733.0,,,,,,,12344.0,False,2023-10-03
2023-09,585.0,book-outs (people released from ICE detention),585.0,364.0,949.0,,3807.0,455.0,5263.0,,,,,,,10474.0,False,2023-10-03
2023-10,647.0,book-outs (people released from ICE detention),647.0,294.0,941.0,,2920.0,549.0,5626.0,67.0,99.0,9740.0,424.0,19.0,3.0,20388.0,False,2024-10-03
2023-11,577.0,book-outs (people released from ICE detention),577.0,363.0,940.0,,3067.0,387.0,5630.0,78.0,82.0,9022.0,385.0,45.0,2.0,19638.0,False,2024-10-03
2023-12,621.0,book-outs (people released from ICE detention),621.0,360.0,981.0,,4456.0,406.0,5130.0,63.0,84.0,8784.0,345.0,34.0,4.0,20287.0,False,2024-10-03
2024-01,565.0,book-outs (people released from ICE detention),565.0,125.0,690.0,,1942.0,475.0,4732.0,77.0,102.0,10806.0,443.0,28.0,1.0,19296.0,False,2024-10-03
2024-02,649.0,book-outs (people released from ICE detention),649.0,203.0,852.0,,2273.0,356.0,5259.0,128.0,85.0,12635.0,526.0,20.0,3.0,22137.0,False,2024-10-03
2024-03,771.0,book-outs (people released from ICE detention),771.0,314.0,1085.0,,2416.0,984.0,6017.0,100.0,112.0,12990.0,616.0,76.0,4.0,24400.0,False,2024-10-03
2024-04,763.0,book-outs (people released from ICE detention),763.0,321.0,1084.0,,1503.0,1156.0,5345.0,97.0,118.0,13725.0,590.0,29.0,2.0,23649.0,False,2024-10-03
2024-05,687.0,book-outs (people released from ICE detention),687.0,334.0,1021.0,,1749.0,1061.0,4784.0,191.0,142.0,16336.0,632.0,40.0,7.0,25963.0,False,2024-10-03
2024-06,731.0,book-outs (people released from ICE detention),731.0,154.0,885.0,,1734.0,795.0,4216.0,161.0,114.0,15369.0,415.0,42.0,3.0,23734.0,False,2024-10-03
2024-07,811.0,book-outs (people released from ICE detention),811.0,158.0,969.0,,1881.0,627.0,4807.0,117.0,135.0,15638.0,549.0,24.0,2.0,24749.0,False,2024-10-03
2024-08,758.0,book-outs (people released from ICE detention),758.0,289.0,1047.0,,1285.0,641.0,4982.0,79.0,117.0,14854.0,574.0,45.0,2.0,23626.0,False,2024-10-03
2024-09,652.0,book-outs (people released from ICE detention),652.0,247.0,899.0,,1320.0,493.0,4092.0,59.0,93.0,13083.0,524.0,49.0,1.0,20613.0,False,2024-10-03
2024-10,800.0,book-outs (people released from ICE detention),800.0,109.0,909.0,,1494.0,457.0,4385.0,84.0,128.0,13645.0,591.0,15.0,1.0,21709.0,False,2025-09-20
2024-11,561.0,book-outs (people released from ICE detention),561.0,92.0,653.0,,1480.0,443.0,4962.0,58.0,94.0,12608.0,555.0,36.0,1.0,20890.0,False,2025-09-20
2024-12,692.0,book-outs (people released from ICE detention),692.0,114.0,806.0,,1108.0,432.0,5159.0,50.0,105.0,12300.0,524.0,211.0,1.0,20696.0,False,2025-09-20
2025-01,528.0,book-outs (people released from ICE detention),528.0,149.0,677.0,,1023.0,537.0,4962.0,56.0,94.0,11915.0,633.0,69.0,4.0,19970.0,False,2025-09-20
2025-02,723.0,book-outs (people released from ICE detention),723.0,80.0,803.0,,326.0,108.0,559.0,55.0,85.0,14314.0,979.0,99.0,2.0,17330.0,False,2025-09-20
2025-03,1741.0,book-outs (people released from ICE detention),1741.0,50.0,1791.0,,99.0,62.0,46.0,65.0,102.0,15916.0,1161.0,113.0,8.0,19363.0,False,2025-09-20
2025-04,2433.0,book-outs (people released from ICE detention),2433.0,79.0,2512.0,,125.0,106.0,64.0,56.0,111.0,16995.0,1068.0,73.0,5.0,21115.0,False,2025-09-20
2025-05,2349.0,book-outs (people released from ICE detention),2349.0,89.0,2438.0,,142.0,136.0,38.0,84.0,159.0,22520.0,1071.0,205.0,5.0,26798.0,False,2025-09-20
2025-06,2388.0,book-outs (people released from ICE detention),2388.0,91.0,2479.0,,148.0,83.0,67.0,111.0,201.0,24887.0,930.0,471.0,10.0,29387.0,False,2025-09-20
2025-07,1938.0,book-outs (people released from ICE detention),1938.0,113.0,2051.0,,277.0,143.0,81.0,92.0,237.0,26697.0,837.0,307.0,7.0,30729.0,False,2025-09-20
2025-08,837.0,book-outs (people released from ICE detention),837.0,62.0,899.0,,219.0,107.0,157.0,118.0,258.0,29446.0,824.0,361.0,6.0,32395.0,False,2025-09-20
2025-09,433.0,book-outs (people released from ICE detention),433.0,31.0,464.0,,145.0,55.0,73.0,89.0,190.0,21158.0,563.0,896.0,4.0,23637.0,True,2025-09-20
2025-10,996.0,book-outs (people released from ICE detention),996.0,91.0,1087.0,119.0,219.0,101.0,127.0,179.0,437.0,34117.0,899.0,242.0,6.0,37533.0,False,2026-07-11
2025-11,1168.0,book-outs (people released from ICE detention),1168.0,107.0,1275.0,283.0,173.0,92.0,55.0,156.0,353.0,32896.0,753.0,397.0,7.0,36440.0,False,2026-07-11
2025-12,1950.0,book-outs (people released from ICE detention),1950.0,133.0,2083.0,490.0,309.0,111.0,59.0,193.0,315.0,34077.0,736.0,346.0,9.0,38728.0,False,2026-07-11
2026-01,2170.0,book-outs (people released from ICE detention),2170.0,145.0,2315.0,1119.0,495.0,139.0,291.0,230.0,262.0,31617.0,658.0,268.0,6.0,37400.0,False,2026-07-11
2026-02,1875.0,book-outs (people released from ICE detention),1875.0,182.0,2057.0,1709.0,688.0,134.0,311.0,194.0,256.0,30353.0,718.0,207.0,7.0,36634.0,False,2026-07-11
2026-03,2060.0,book-outs (people released from ICE detention),2060.0,82.0,2142.0,1720.0,975.0,245.0,155.0,187.0,201.0,30112.0,893.0,242.0,8.0,36880.0,False,2026-07-11
2026-04,1679.0,book-outs (people released from ICE detention),1679.0,52.0,1731.0,1501.0,1111.0,348.0,112.0,160.0,244.0,27589.0,922.0,151.0,8.0,33877.0,False,2026-07-11
2026-05,1890.0,book-outs (people released from ICE detention),1890.0,52.0,1942.0,2017.0,802.0,301.0,157.0,139.0,194.0,29597.0,894.0,151.0,2.0,36196.0,False,2026-07-11
2026-06,1971.0,book-outs (people released from ICE detention),1971.0,46.0,2017.0,1853.0,805.0,335.0,243.0,158.0,183.0,27679.0,1026.0,251.0,1.0,34551.0,False,2026-07-11
2026-07,706.0,book-outs (people released from ICE detention),706.0,15.0,721.0,730.0,280.0,117.0,57.0,55.0,62.0,12251.0,402.0,1006.0,0.0,15681.0,True,2026-07-11
