# Series: ICE detention average daily population (ADP) by month, total and by arresting agency
# Source: ICE Detention Statistics spreadsheets (FY2019 to FY2026), as archived and parsed by the Deportation Data Project (UC Berkeley / UCLA), table 'adp-and-stay-length-by-agency-monthly'
# URL: https://deportationdata.org/data/processed/ice.html#detention-management-spreadsheets ; repo https://github.com/deportationdata/ice-detention-management (data/detention-management-parquet.zip, commit 243ee70, 2026-07-21) ; original ICE page https://www.ice.gov/detain/detention-management
# Retrieved: 2026-10-07
# Definition: value = ICE-reported average daily population for the month, all detainees (ICE plus CBP arrests). For each month the value comes from the latest ICE spreadsheet that covers it (DDP 'collapse_to_latest').
# Coverage: 2018-10 (start of FY2019) through 2026-07.
# Caveats: partial_month=True marks months whose latest ICE spreadsheet was pulled before month end (2025-09 through 2025-09-20; 2026-07 through 2026-07-11); those are month-to-date averages. ICE excludes some hold/staging facilities. Values were not independently re-read from ice.gov because ice.gov blocked automated access from this environment.
date_or_period,value,unit,adp_ice_arrests,adp_cbp_arrests,avg_length_of_stay_days,partial_month,ice_file_date,ice_data_pull_date
2018-10,45584,average daily population (people),21368,24216,34.0,False,2019-10-07,2019-10-04
2018-11,46202,average daily population (people),20710,25492,32.9,False,2019-10-07,2019-10-04
2018-12,48783,average daily population (people),20482,28301,32.3,False,2019-10-07,2019-10-04
2019-01,46947,average daily population (people),20599,26348,34.5,False,2019-10-07,2019-10-04
2019-02,48593,average daily population (people),20989,27604,28.7,False,2019-10-07,2019-10-04
2019-03,48958,average daily population (people),21237,27722,26.6,False,2019-10-07,2019-10-04
2019-04,49173,average daily population (people),20419,28754,27.8,False,2019-10-07,2019-10-04
2019-05,51823,average daily population (people),19561,32261,28.0,False,2019-10-07,2019-10-04
2019-06,54254,average daily population (people),19490,34764,36.0,False,2019-10-07,2019-10-04
2019-07,54220,average daily population (people),19132,35088,47.3,False,2019-10-07,2019-10-04
2019-08,55238,average daily population (people),18792,36447,51.4,False,2019-10-07,2019-10-04
2019-09,52091,average daily population (people),18652,33439,54.4,False,2019-10-07,2019-10-04
2019-10,50218,average daily population (people),19074,31144,55.2,False,2021-01-14,2020-10-02
2019-11,46171,average daily population (people),18648,27524,55.7,False,2021-01-14,2020-10-02
2019-12,42751,average daily population (people),18313,24438,54.7,False,2021-01-14,2020-10-02
2020-01,41115,average daily population (people),18521,22594,57.1,False,2021-01-14,2020-10-02
2020-02,39313,average daily population (people),18981,20332,56.1,False,2021-01-14,2020-10-02
2020-03,37688,average daily population (people),19174,18514,51.0,False,2021-01-14,2020-10-02
2020-04,31823,average daily population (people),16798,15025,73.8,False,2021-01-14,2020-10-02
2020-05,27189,average daily population (people),15104,12085,80.9,False,2021-01-14,2020-10-02
2020-06,24204,average daily population (people),14028,10176,91.0,False,2021-01-14,2020-10-02
2020-07,22549,average daily population (people),13594,8956,88.8,False,2021-01-14,2020-10-02
2020-08,21397,average daily population (people),13815,7582,88.7,False,2021-01-14,2020-10-02
2020-09,20227,average daily population (people),13496,6731,91.5,False,2021-01-14,2020-10-02
2020-10,18746,average daily population (people),12492,6254,86.5,False,2021-10-01,2021-09-25
2020-11,16872,average daily population (people),11490,5381,84.6,False,2021-10-01,2021-09-25
2020-12,16129,average daily population (people),11015,5114,80.4,False,2021-10-01,2021-09-25
2021-01,15099,average daily population (people),10171,4928,72.9,False,2021-10-01,2021-09-25
2021-02,14087,average daily population (people),8485,5602,71.3,False,2021-10-01,2021-09-25
2021-03,14151,average daily population (people),6646,7505,85.1,False,2021-10-01,2021-09-25
2021-04,15561,average daily population (people),5246,10315,46.5,False,2021-10-01,2021-09-25
2021-05,20963,average daily population (people),4844,16119,27.4,False,2021-10-01,2021-09-25
2021-06,26199,average daily population (people),4726,21472,25.2,False,2021-10-01,2021-09-25
2021-07,27058,average daily population (people),4653,22405,32.6,False,2021-10-01,2021-09-25
2021-08,25206,average daily population (people),4632,20573,26.2,False,2021-10-01,2021-09-25
2021-09,23136,average daily population (people),4817,18319,20.3,True,2021-10-01,2021-09-25
2021-10,22799,average daily population (people),4837,17961,23.5,False,2022-09-29,2022-09-24
2021-11,23337,average daily population (people),4839,18499,23.7,False,2022-09-29,2022-09-24
2021-12,21569,average daily population (people),4781,16788,24.9,False,2022-09-29,2022-09-24
2022-01,21455,average daily population (people),4862,16593,25.4,False,2022-09-29,2022-09-24
2022-02,19770,average daily population (people),4996,14774,22.6,False,2022-09-29,2022-09-24
2022-03,19945,average daily population (people),5184,14761,23.3,False,2022-09-29,2022-09-24
2022-04,19698,average daily population (people),5461,14237,23.8,False,2022-09-29,2022-09-24
2022-05,23791,average daily population (people),5767,18025,24.4,False,2022-09-29,2022-09-24
2022-06,24300,average daily population (people),6120,18180,28.6,False,2022-09-29,2022-09-24
2022-07,23685,average daily population (people),6521,17164,30.5,False,2022-09-29,2022-09-24
2022-08,25164,average daily population (people),7253,17911,30.9,False,2022-09-29,2022-09-24
2022-09,25883,average daily population (people),7655,18228,32.7,True,2022-09-29,2022-09-24
2022-10,28831,average daily population (people),8257,20574,39.9,False,2023-10-03,2023-10-03
2022-11,30284,average daily population (people),8573,21711,38.7,False,2023-10-03,2023-10-03
2022-12,24637,average daily population (people),8558,16079,43.2,False,2023-10-03,2023-10-03
2023-01,22180,average daily population (people),8460,13720,41.7,False,2023-10-03,2023-10-03
2023-02,26740,average daily population (people),9051,17688,36.7,False,2023-10-03,2023-10-03
2023-03,27693,average daily population (people),9750,17942,36.4,False,2023-10-03,2023-10-03
2023-04,25282,average daily population (people),9932,15350,37.0,False,2023-10-03,2023-10-03
2023-05,25546,average daily population (people),9696,15850,34.0,False,2023-10-03,2023-10-03
2023-06,30194,average daily population (people),9772,20422,32.0,False,2023-10-03,2023-10-03
2023-07,31123,average daily population (people),10514,20609,35.4,False,2023-10-03,2023-10-03
2023-08,31340,average daily population (people),10169,21171,38.2,False,2023-10-03,2023-10-03
2023-09,35742,average daily population (people),9778,25964,38.2,False,2023-10-03,2023-10-03
2023-10,38522,average daily population (people),10224,28299,44.2,False,2024-10-07,2024-10-03
2023-11,39201,average daily population (people),10392,28809,47.7,False,2024-10-07,2024-10-03
2023-12,37006,average daily population (people),10916,26089,49.5,False,2024-10-07,2024-10-03
2024-01,38194,average daily population (people),11304,26890,55.5,False,2024-10-07,2024-10-03
2024-02,39080,average daily population (people),11639,27441,44.5,False,2024-10-07,2024-10-03
2024-03,38372,average daily population (people),11945,26427,45.5,False,2024-10-07,2024-10-03
2024-04,35069,average daily population (people),12466,22603,49.6,False,2024-10-07,2024-10-03
2024-05,37222,average daily population (people),12950,24272,46.4,False,2024-10-07,2024-10-03
2024-06,38265,average daily population (people),13256,25009,44.1,False,2024-10-07,2024-10-03
2024-07,37161,average daily population (people),13728,23432,44.8,False,2024-10-07,2024-10-03
2024-08,36663,average daily population (people),13897,22766,45.9,False,2024-10-07,2024-10-03
2024-09,37983,average daily population (people),14073,23910,46.7,False,2024-10-07,2024-10-03
2024-10,38712,average daily population (people),14285,24427,46.8,False,2025-09-25,2025-09-20
2024-11,38990,average daily population (people),14595,24395,49.0,False,2025-09-25,2025-09-20
2024-12,39135,average daily population (people),14793,24342,49.0,False,2025-09-25,2025-09-20
2025-01,40203,average daily population (people),15536,24667,52.1,False,2025-09-25,2025-09-20
2025-02,43112,average daily population (people),21576,21536,51.0,False,2025-09-25,2025-09-20
2025-03,47670,average daily population (people),27783,19887,52.0,False,2025-09-25,2025-09-20
2025-04,49499,average daily population (people),30714,18785,53.6,False,2025-09-25,2025-09-20
2025-05,50313,average daily population (people),32781,17532,50.6,False,2025-09-25,2025-09-20
2025-06,57393,average daily population (people),40915,16478,45.5,False,2025-09-25,2025-09-20
2025-07,58317,average daily population (people),43447,14870,49.3,False,2025-09-25,2025-09-20
2025-08,60930,average daily population (people),46899,14031,54.2,False,2025-09-25,2025-09-20
2025-09,60317,average daily population (people),46921,13396,51.3,True,2025-09-25,2025-09-20
2025-10,63189,average daily population (people),50562,12627,47.2,False,2026-07-20,2026-07-11
2025-11,66620,average daily population (people),54691,11929,47.5,False,2026-07-20,2026-07-11
2025-12,69541,average daily population (people),58282,11260,47.3,False,2026-07-20,2026-07-11
2026-01,71937,average daily population (people),61232,10704,51.2,False,2026-07-20,2026-07-11
2026-02,68224,average daily population (people),58447,9777,52.4,False,2026-07-20,2026-07-11
2026-03,63256,average daily population (people),54547,8709,55.7,False,2026-07-20,2026-07-11
2026-04,59862,average daily population (people),51974,7888,56.6,False,2026-07-20,2026-07-11
2026-05,58192,average daily population (people),50925,7267,49.9,False,2026-07-20,2026-07-11
2026-06,59425,average daily population (people),52575,6850,48.3,False,2026-07-20,2026-07-11
2026-07,65634,average daily population (people),58913,6722,35.3,True,2026-07-20,2026-07-11
