month,usbp_swb_apprehensions,source
2023-07,132642,"WOLA Border Oversight monthly USBP apprehensions by sector (CBP data), accessed 2026-10-05"
2023-08,181054,"WOLA Border Oversight monthly USBP apprehensions by sector (CBP data), accessed 2026-10-05"
2023-09,218763,"WOLA Border Oversight monthly USBP apprehensions by sector (CBP data), accessed 2026-10-05"
2023-10,188749,"WOLA Border Oversight monthly USBP apprehensions by sector (CBP data), accessed 2026-10-05"
2023-11,191106,"WOLA Border Oversight monthly USBP apprehensions by sector (CBP data), accessed 2026-10-05"
2023-12,249740,"WOLA Border Oversight monthly USBP apprehensions by sector (CBP data), accessed 2026-10-05"
2024-01,124215,"WOLA Border Oversight monthly USBP apprehensions by sector (CBP data), accessed 2026-10-05"
2024-02,140641,"WOLA Border Oversight monthly USBP apprehensions by sector (CBP data), accessed 2026-10-05"
2024-03,137473,"WOLA Border Oversight monthly USBP apprehensions by sector (CBP data), accessed 2026-10-05"
2024-04,128895,"WOLA Border Oversight monthly USBP apprehensions by sector (CBP data), accessed 2026-10-05"
2024-05,117905,"WOLA Border Oversight monthly USBP apprehensions by sector (CBP data), accessed 2026-10-05"
2024-06,83532,"WOLA Border Oversight monthly USBP apprehensions by sector (CBP data), accessed 2026-10-05"
2024-07,56400,"WOLA Border Oversight monthly USBP apprehensions by sector (CBP data), accessed 2026-10-05"
2024-08,58009,"WOLA Border Oversight monthly USBP apprehensions by sector (CBP data), accessed 2026-10-05"
2024-09,53858,"WOLA Border Oversight monthly USBP apprehensions by sector (CBP data), accessed 2026-10-05"
2024-10,56515,"WOLA Border Oversight monthly USBP apprehensions by sector (CBP data), accessed 2026-10-05"
2024-11,46609,"WOLA Border Oversight monthly USBP apprehensions by sector (CBP data), accessed 2026-10-05"
2024-12,47320,"WOLA Border Oversight monthly USBP apprehensions by sector (CBP data), accessed 2026-10-05"
2025-01,29105,"WOLA Border Oversight monthly USBP apprehensions by sector (CBP data), accessed 2026-10-05"
2025-02,8349,"WOLA Border Oversight monthly USBP apprehensions by sector (CBP data), accessed 2026-10-05"
2025-03,7179,"WOLA Border Oversight monthly USBP apprehensions by sector (CBP data), accessed 2026-10-05"
2025-04,8376,"WOLA Border Oversight monthly USBP apprehensions by sector (CBP data), accessed 2026-10-05"
2025-05,8724,"WOLA Border Oversight monthly USBP apprehensions by sector (CBP data), accessed 2026-10-05"
2025-06,6066,"WOLA Border Oversight monthly USBP apprehensions by sector (CBP data), accessed 2026-10-05"
2025-07,4592,"WOLA Border Oversight monthly USBP apprehensions by sector (CBP data), accessed 2026-10-05"
2025-08,6317,"WOLA Border Oversight monthly USBP apprehensions by sector (CBP data), accessed 2026-10-05"
2025-09,8386,"WOLA Border Oversight monthly USBP apprehensions by sector (CBP data), accessed 2026-10-05"
2025-10,7991,"WOLA Border Oversight monthly USBP apprehensions by sector (CBP data), accessed 2026-10-05"
2025-11,7357,"WOLA Border Oversight monthly USBP apprehensions by sector (CBP data), accessed 2026-10-05"
2025-12,6474,"WOLA Border Oversight monthly USBP apprehensions by sector (CBP data), accessed 2026-10-05"
2026-01,6080,"WOLA Border Oversight monthly USBP apprehensions by sector (CBP data), accessed 2026-10-05"
