fiscal_year,usbp_southwest_border_apprehensions,source,policy_note
1990,1049321,"CBP, USBP Southwest Border Sectors Total Encounters by FY (FY1960-FY2020 table)",
1991,1077876,"CBP, USBP Southwest Border Sectors Total Encounters by FY (FY1960-FY2020 table)",
1992,1145574,"CBP, USBP Southwest Border Sectors Total Encounters by FY (FY1960-FY2020 table)",
1993,1212886,"CBP, USBP Southwest Border Sectors Total Encounters by FY (FY1960-FY2020 table)",
1994,979101,"CBP, USBP Southwest Border Sectors Total Encounters by FY (FY1960-FY2020 table)",
1995,1271390,"CBP, USBP Southwest Border Sectors Total Encounters by FY (FY1960-FY2020 table)",
1996,1507020,"CBP, USBP Southwest Border Sectors Total Encounters by FY (FY1960-FY2020 table)",
1997,1368707,"CBP, USBP Southwest Border Sectors Total Encounters by FY (FY1960-FY2020 table)","Mar 1997: DOJ interim rule, 62 Fed. Reg. 10312; interior EWIs eligible for bond (IIRIRA effective Apr 1 1997)"
1998,1516680,"CBP, USBP Southwest Border Sectors Total Encounters by FY (FY1960-FY2020 table)",
1999,1537000,"CBP, USBP Southwest Border Sectors Total Encounters by FY (FY1960-FY2020 table)",
2000,1643679,"CBP, USBP Southwest Border Sectors Total Encounters by FY (FY1960-FY2020 table)",
2001,1235718,"CBP, USBP Southwest Border Sectors Total Encounters by FY (FY1960-FY2020 table)",
2002,929809,"CBP, USBP Southwest Border Sectors Total Encounters by FY (FY1960-FY2020 table)",
2003,905065,"CBP, USBP Southwest Border Sectors Total Encounters by FY (FY1960-FY2020 table)",
2004,1139282,"CBP, USBP Southwest Border Sectors Total Encounters by FY (FY1960-FY2020 table)",
2005,1171396,"CBP, USBP Southwest Border Sectors Total Encounters by FY (FY1960-FY2020 table)",
2006,1071972,"CBP, USBP Southwest Border Sectors Total Encounters by FY (FY1960-FY2020 table)",
2007,858638,"CBP, USBP Southwest Border Sectors Total Encounters by FY (FY1960-FY2020 table)",
2008,705005,"CBP, USBP Southwest Border Sectors Total Encounters by FY (FY1960-FY2020 table)",
2009,540865,"CBP, USBP Southwest Border Sectors Total Encounters by FY (FY1960-FY2020 table)",
2010,447731,"CBP, USBP Southwest Border Sectors Total Encounters by FY (FY1960-FY2020 table)",
2011,327577,"CBP, USBP Southwest Border Sectors Total Encounters by FY (FY1960-FY2020 table)",
2012,356873,"CBP, USBP Southwest Border Sectors Total Encounters by FY (FY1960-FY2020 table)",
2013,414397,"CBP, USBP Southwest Border Sectors Total Encounters by FY (FY1960-FY2020 table)",
2014,479371,"CBP, USBP Southwest Border Sectors Total Encounters by FY (FY1960-FY2020 table)",
2015,331333,"CBP, USBP Southwest Border Sectors Total Encounters by FY (FY1960-FY2020 table)",
2016,408870,"CBP, USBP Southwest Border Sectors Total Encounters by FY (FY1960-FY2020 table)",
2017,303916,"CBP, USBP Southwest Border Sectors Total Encounters by FY (FY1960-FY2020 table)",
2018,396579,"CBP, USBP Southwest Border Sectors Total Encounters by FY (FY1960-FY2020 table)",Feb 2018: Jennings v. Rodriguez (no statutory periodic bond hearings)
2019,851508,"CBP, USBP Southwest Border Sectors Total Encounters by FY (FY1960-FY2020 table)",
2020,400651,"CBP, USBP Southwest Border Sectors Total Encounters by FY (FY1960-FY2020 table)",Mar 2020 onward: Title 42 expulsions included in USBP encounter counts
2021,1659206,CBP year-end reporting via DHS/press (FY2021-FY2024),
2022,2206054,CBP year-end reporting via DHS/press (FY2021-FY2024),
2023,2045838,CBP year-end reporting via DHS/press (FY2021-FY2024),
2024,1530523,CBP year-end reporting via DHS/press (FY2021-FY2024),
2025,237565,"DHS/CBP FY2025 year-end statement (237,565)",Jan 2025: enforcement surge; Jul 8 2025: ICE no-bond memo; Sep 5 2025: Matter of Yajure Hurtado
